Metric,Value
Accuracy,0.930635838150289
Precision,0.9169586937941835
Recall,0.930635838150289
F1-score,0.9220043051336317
