Metric,Value
Accuracy,0.9653179190751445
Precision,0.9485680504466633
Recall,0.9653179190751445
F1-score,0.9567977546860904
